Model,MAE,RMSE,MAPE,R2
XGBoost,52.357762987368574,69.42677352053785,3.0637339073498633,0.8623663540885146
LSTM,60.6368408203125,75.61859178194479,3.309709721952421,0.8367219444297288
